{"cameraMode":{"drawMode":0,"name":"Shaded","section":"Shading Mode"},"sceneLighting":false,"audioPlay":false,"sceneViewState":{"showFog":true,"showMaterialUpdate":false,"showSkybox":true,"showFlares":true,"showImageEffects":true,"showParticleSystems":true},"in2DMode":false,"pivot":{"x":0.1461353302001953,"y":0.8090985417366028,"z":0.7159920930862427},"rotation":{"x":0.10320576280355454,"y":0.6476157903671265,"z":-0.08915708214044571,"w":0.7496621608734131},"size":5.322343349456787,"orthographic":false}