{"cameraMode":{"drawMode":0,"name":"Shaded","section":"Shading Mode"},"sceneLighting":false,"audioPlay":false,"sceneViewState":{"showFog":true,"showMaterialUpdate":false,"showSkybox":true,"showFlares":true,"showImageEffects":true,"showParticleSystems":true},"in2DMode":false,"pivot":{"x":-1153.446044921875,"y":-224.49130249023438,"z":-3074.7861328125},"rotation":{"x":-0.07720810174942017,"y":-0.0538121797144413,"z":0.004173285327851772,"w":-0.9955530166625977},"size":8.922060012817383,"orthographic":false}