{"cameraMode":{"drawMode":0,"name":"Shaded","section":"Shading Mode"},"sceneLighting":true,"audioPlay":false,"sceneViewState":{"showFog":true,"showMaterialUpdate":false,"showSkybox":true,"showFlares":true,"showImageEffects":true,"showParticleSystems":true},"in2DMode":false,"pivot":{"x":-267.1456604003906,"y":471.2568359375,"z":-1550.8858642578125},"rotation":{"x":0.05828532204031944,"y":0.9046836495399475,"z":-0.13146886229515077,"w":0.40108147263526919},"size":8.296955108642579,"orthographic":false}