{"cameraMode":{"drawMode":0,"name":"Shaded","section":"Shading Mode"},"sceneLighting":false,"audioPlay":false,"sceneViewState":{"showFog":true,"showMaterialUpdate":false,"showSkybox":true,"showFlares":true,"showImageEffects":true,"showParticleSystems":true},"in2DMode":false,"pivot":{"x":-1157.537353515625,"y":-225.56161499023438,"z":-3065.26416015625},"rotation":{"x":-0.05577126890420914,"y":-0.8623839020729065,"z":0.09742963314056397,"w":-0.4936508536338806},"size":13.18210220336914,"orthographic":false}