{"cameraMode":{"drawMode":0,"name":"Shaded","section":"Shading Mode"},"sceneLighting":false,"audioPlay":false,"sceneViewState":{"showFog":true,"showMaterialUpdate":false,"showSkybox":true,"showFlares":true,"showImageEffects":true,"showParticleSystems":true},"in2DMode":false,"pivot":{"x":2.3713014125823976,"y":14.185413360595704,"z":-21.890649795532228},"rotation":{"x":-0.1926608681678772,"y":0.11801780760288239,"z":-0.02334742620587349,"w":-0.9738627076148987},"size":124.17668914794922,"orthographic":false}