{"cameraMode":{"drawMode":0,"name":"Shaded","section":"Shading Mode"},"sceneLighting":false,"audioPlay":false,"sceneViewState":{"showFog":true,"showMaterialUpdate":false,"showSkybox":true,"showFlares":true,"showImageEffects":true,"showParticleSystems":true},"in2DMode":false,"pivot":{"x":5.984732627868652,"y":-5.960464477539063e-8,"z":-12.199999809265137},"rotation":{"x":-0.1432817578315735,"y":0.2465970516204834,"z":-0.03689127042889595,"w":-0.9577574729919434},"size":7.8181586265563969,"orthographic":false}