{"cameraMode":{"drawMode":0,"name":"Shaded","section":"Shading Mode"},"sceneLighting":false,"audioPlay":false,"sceneViewState":{"showFog":true,"showMaterialUpdate":false,"showSkybox":true,"showFlares":true,"showImageEffects":true,"showParticleSystems":true},"in2DMode":false,"pivot":{"x":0.9571805596351624,"y":0.22678518295288087,"z":0.2742205858230591},"rotation":{"x":0.004841933026909828,"y":0.9904078841209412,"z":-0.1333232820034027,"w":0.035967953503131869},"size":1.0157816410064698,"orthographic":false}