{"cameraMode":{"drawMode":0,"name":"Shaded","section":"Shading Mode"},"sceneLighting":true,"audioPlay":false,"sceneViewState":{"showFog":true,"showMaterialUpdate":false,"showSkybox":true,"showFlares":true,"showImageEffects":true,"showParticleSystems":true},"in2DMode":false,"pivot":{"x":-283.4768371582031,"y":457.612060546875,"z":-1585.1898193359375},"rotation":{"x":0.10961022228002548,"y":0.8804671168327332,"z":-0.24824215471744538,"w":0.3887661397457123},"size":9.301603317260743,"orthographic":false}