{"cameraMode":{"drawMode":0,"name":"Shaded","section":"Shading Mode"},"sceneLighting":false,"audioPlay":false,"sceneViewState":{"showFog":true,"showMaterialUpdate":false,"showSkybox":true,"showFlares":true,"showImageEffects":true,"showParticleSystems":true},"in2DMode":false,"pivot":{"x":-0.3949321508407593,"y":0.46650630235671999,"z":-3.5109317302703859},"rotation":{"x":-0.07720810174942017,"y":-0.0538121797144413,"z":0.004173285327851772,"w":-0.9955530166625977},"size":14.2705078125,"orthographic":false}