{"cameraMode":{"drawMode":0,"name":"Shaded","section":"Shading Mode"},"sceneLighting":false,"audioPlay":false,"sceneViewState":{"showFog":true,"showMaterialUpdate":false,"showSkybox":true,"showFlares":true,"showImageEffects":true,"showParticleSystems":true},"in2DMode":false,"pivot":{"x":0.08556556701660156,"y":2.205292224884033,"z":-0.4018585681915283},"rotation":{"x":-0.016995878890156747,"y":-0.9774967432022095,"z":0.08673501759767533,"w":-0.19154219329357148},"size":12.331093788146973,"orthographic":false}