{"cameraMode":{"drawMode":0,"name":"Shaded","section":"Shading Mode"},"sceneLighting":false,"audioPlay":false,"sceneViewState":{"showFog":true,"showMaterialUpdate":false,"showSkybox":true,"showFlares":true,"showImageEffects":true,"showParticleSystems":true},"in2DMode":false,"pivot":{"x":-309.60711669921877,"y":-40.340694427490237,"z":-1079.8984375},"rotation":{"x":-0.37959760427474978,"y":0.45213547348976138,"z":-0.22109542787075044,"w":-0.7762705683708191},"size":4.8253068923950199,"orthographic":false}