{"cameraMode":{"drawMode":0,"name":"Shaded","section":"Shading Mode"},"sceneLighting":true,"audioPlay":false,"sceneViewState":{"showFog":true,"showMaterialUpdate":false,"showSkybox":true,"showFlares":true,"showImageEffects":true,"showParticleSystems":true},"in2DMode":false,"pivot":{"x":-459.08648681640627,"y":201.60198974609376,"z":-1529.790283203125},"rotation":{"x":-0.37959760427474978,"y":0.45213547348976138,"z":-0.22109542787075044,"w":-0.7762705683708191},"size":625.5423583984375,"orthographic":false}