{"cameraMode":{"drawMode":0,"name":"Shaded","section":"Shading Mode"},"sceneLighting":false,"audioPlay":false,"sceneViewState":{"showFog":true,"showMaterialUpdate":false,"showSkybox":true,"showFlares":true,"showImageEffects":true,"showParticleSystems":true},"in2DMode":false,"pivot":{"x":41.7516975402832,"y":482.7652587890625,"z":-1022.270751953125},"rotation":{"x":-0.04747666418552399,"y":0.9498680233955383,"z":-0.17904642224311829,"w":-0.25187110900878909},"size":20.111434936523439,"orthographic":false}